Company,Domain,Email,Phone
"Rotavator for sale, used rotavator | Agroline Canada",agroline-ca.com,agroline@linemedia.com,1787063041
"Rotary tiller, Rotary hoe - All the agricultural manufacturers",agriexpo.online,Website Form,1788691052
MTI Canada - Catalog - Agricultural Equipment - Tillage - Cultivateurs Rotatifs,mticanada.ca,info@mticanada.ca,866 718-4746
Rotary Tillage For Sale in Canada | MarketBook.ca,marketbook.ca,Website Form,1788691056
Tillers & Cultivators - Homedepot.ca,homedepot.ca,Website Form,1788691056
Tillers for Sale | TMG Industrial CA - TMG Industrial,tmgindustrial.ca,cs@tmgindustrial.ca,1764819278
VEVOR Power Tillers & Cultivators - Proper Soil Preparation,vevor.ca,Website Form,Not Found
Tractor and Rotary tillers for sale near Saskatchewan - The Tractor Company,tractorcompany.ca,tractorcompany@gmail.com,1787286275
Western Canada Distributor | Ag Equipment - Agri-Can Supply,agricansupply.com,hello@agricansupply.com,1820227077
"Quality vegetable transplanters, harvesters, rototillers and farm ...",brandsequipment.com,Website Form,Not Found
Terrain Implements | Tractor Attachments | Canada,terrainimplements.ca,intl-segmenter@11.7.10,2545352419
Top 100 Farm Equipment Companies in Canada (2026) | ensun,ensun.io,Website Form,1723124350
R&W Equipment | Irrigation and Farming Equipment Ontario Canada,rwequipment.ca,sales@rwequipment.ca,946-1725030
Dealer finder | KUHN,en.kuhn-canada.com,Website Form,511.9900002
Tillers & Cultivators — Interline Wholesale Hardware,interlinehardware.ca,orders@interlinehardware.ca,6478767735
Cultivators and Tillers - Tillage Power Equipment | RONA,rona.ca,Website Form,2222222222
Rotary Tillers - Agriculture & Farming Equipment,agfolks.com,Website Form,2183465926
Agriculture and Farming Equipment | John Deere,deere.ca,Website Form,Not Found
agriculture rotavator: Best Tractor-Mounted Tiller for Farming,accio.com,Website Form,6000000000
"Bromley Farm Supply Ltd - 1.613.649.2457, Kioti Tractors, Duetz, Krone ...",bromleyfarmsupply.com,Website Form,613.649.2457
Rotary Tillage Equipment For Sale in Canada - 104 Listings ...,tractorhouse.com,Website Form,1788691105
B-town Farm Supply,btownfarmsupply.com,sale@btownfarmsupply.com,1786086188
China Wholesale Rotary Tiller Products at Factory Prices for Modern Farming | Global Sources,globalsources.com,805d51b304096686c0ad3443490c67a0@sentry.globalsources.com,1788513230
"Rototillers, Tilers & Cultivators | Walmart Canada",walmart.ca,Website Form,1052230495
Tillers - Rototillers & Cultivators - The Home Depot,homedepot.com,Website Form,1788691112
Rotary Tillers Tillovators | Agri Supply,agrisupply.com,Website Form,Not Found
Farm Equipment Dealers in Canada | Farms.com,m.farms.com,Careers@Farms.com,6391906893
Cultivators & Tillers at Tractor Supply Co.,tractorsupply.com,Website Form,9523422523
Ontario Farm Equipment Dealers | Farms.com,farms.com,Careers@Farms.com,6391906893
AgriCart,agricart.ca,Website Form,1780455102
general-plp-template | Canadian Tire,canadiantire.ca,Website Form,1788691127
farm equipment suppliers in Canada - Gaber Distributors,gaberdistributors.com,jQuery.print@1.5.1,9460593589
Topcon Agriculture Expands Precision Ag Solved into Western Canada,farm-equipment.com,Website Form,1788691131
Precision Agriculture Technology | Premier Equipment,premierequipment.ca,Website Form,9452089225
"Advantage Farm Equipment LTD - Ontario, Canada - Equipment",advantage-equip.com,Website Form,Not Found
Wearparts Tillage Tools | Precision Ag Products,precisionagproducts.ca,wght@300..700,3121515877
Dealer Locator | Bourgault Tillage Tools,tillagetools.ca,Website Form,221018-1024
Agricultural-Equipment | Kubota Canada,kubota.ca,Website Form,4451482656
Thiessen Tillage Equipment,thiessentillage.com,info@thiessentillage.com,1723650534
Canada Agricultural Machinery Companies - Key Players & More,mordorintelligence.com,info@mordorintelligence.com,617-765-2493
MASCHIO GASPARDO | Agricultural equipment,maschiogaspardo.com,Website Form,1787825309
Delta Power Equipment - Category | Precision Agriculture,deltapower.ca,Website Form,Not Found
"Tillage Canada: Discs, Cultivators & Harrows | Aglist",aglist.ca,dropzone@7.3,1770599615
Twin Row Precision Ag | Precision Planting,twinrowprecisionag.com,intl-segmenter@11.7.10,2545352419
Suppliers - Farm Fleet Inc,farmfleet.com,Website Form,(519) 461-1499
Rotary Tiller - PTO Tillers & Tractor Rototiller | FarmAndTractor.ca,farmandtractor.ca,Website Form,1788691185
Hillman Implements | Small Farm Equipment | Alberta,devonntractors.ca,rayh@devonn.ca,2978592528
"New Premium 70"" 3-Point Hitch Rotary Tiller, 35-55 HP Tractor, 6 ...",richardsattachments.ca,Mrppremiumindustries@gmail.com,1737327777
ROTARY TILLERS | Land Pride,landpride.com,Website Form,Not Found
Tractor Rotary Tillers,boltontool.com,Website Form,5864602218
Tillers | IronCraft | Tractor & Skid Steer Attachments,ironcraftusa.com,sales@ironcraftco.com,1788607583
Tractor Rotary Tillers | Tractor Rotavators,everythingattachments.com,Website Form,1135108358
Tractor Rototillers for Sale | Best Deals on Rototillers for Tractors,kenotractors.com,Website Form,Not Found
Light Duty PTO Rotary Tiller | Toolots,rpmhardware.com,Website Form,1069663130
www.prairie.ag,prairie.ag,info@prairie.ag,617-5007305
John Deere Tillage Equipment | Farm Tillage Tools | PrairieCoast Equipment,prairiecoastequipment.com,Website Form,Not Found
Prairie AG Center Inc.,prairieag.ca,Website Form,Not Found
Prairie Sales - Connecting buyers and sellers.,prairiesales.ca,spencer@prairiesales.ca,2218001464
About Us | Canadian Equipment Dealer Since 2017 | Prairie Equipment ...,prairieequipment.ca,sales@prairieequipment.ca,2026031109
Flaman Agriculture and Farm Equipment,flamanagriculture.com,Website Form,5496465487
"genAG - New & Used Agriculture Equipment, Trailers, and Auto, Parts ...",genag.com,Website Form,Not Found
"Canada Agricultural Machinery Market Size, Share, and Industry Trends Forecast 2026-2036 | MarkWide Research",markwideresearch.com,sales@markwideresearch.com,1424999962
Canadian Farm Equipment Dealers | Machinery Pete,machinerypete.com,Website Form,5996777381
Canada - Agricultural Machinery and Equipment | Privacy Shield,privacyshield.gov,Website Form,Not Found
We Know Agriculture and Construction | Rocky Mountain Equipment,rockymtn.com,addsearch-js-client@0.5,1788691211
Licensed farm implement dealers and distributors | Alberta.ca,alberta.ca,Website Form,Not Found
Agricultural Implements Industry | The Canadian Encyclopedia,thecanadianencyclopedia.ca,info@historicacanada.ca,5717397987
Canadian Wholesale Directory - Directory > Agricultural > Agricultural Machinery,shopwholesale.ca,Website Form,3683206321
"Farm implement dealers, distributors and dealer/distributors in Ontario",geohub.lio.gov.on.ca,Website Form,9999005380
Home | Agricultural Manufacturers of Canada,a-m-c.ca,inquiries@a-m-c.ca,6391906893
Farm Equipment Ontario | TMG Dealer | Farmequip'd,farmequipd.ca,info@farmequipd.ca,3595396030
"Robert's Equipment - Sales, Parts & Service In Ontario",robertsfarm.com,Website Form,(519) 363-3192
"Ontario Ag Equipment | Supplying Agricultural, Forestry and ...",ontarioagequipment.com,Website Form,(519) 461-1499
"Garden Tillers & Cultivators | Gas, Electric & Cordless | Home Hardware",homehardware.ca,Website Form,1788691237
Tillers — Ducar Canada,ducar.ca,support@ducar.ca,1706886068
"Tillers & Cultivators - electric, hand & roto",kent.ca,Website Form,1788691239
"Equipment Ontario | USED PRE-OWNED Farm, Construction, Lawn & Garden MACHINERY - Alliston, Elmira, Listowel, Lindsay Mildmay, Port Perry",equipmentontario.com,Website Form,1775431413
Farm Tillage Equipment - Tillage Equipment - Top Brands,bing.com,Website Form,3732605936
Farm Equipment for Sale in Western Canada | BestFarmDeals,bestfarmdeals.com,Website Form,Not Found
"Schulte Industries - Rotary Cutters, Tillage, Snow, Stone ...",schulte.ca,info@schulte.ca,306-287-3715
Home - Salford Group Inc.,salfordgroup.com,Website Form,9482031574
"Kendal Hills Equipment | Kendal, ON | Wholesale Distributor of Equipment",khequipment.ca,Website Form,Not Found
Reesink Canada,reesinkcanada.ca,Website Form,Not Found
Harco Ag Equipment | Agricultural and Commercial Turf Wholesalers ...,harcoag.ca,Website Form,519 338-2923
MINSTA,minstaagro.ca,Website Form,Not Found
Rotary Power Harrows - farmerequipmentsales.com,farmerequipmentsales.com,Website Form,1768495943
"Cultivators, rollers and tine harrows for all types of soils, depths ...",vaderstad.com,infoSE@vaderstad.com,7243800233
B2B Market | Canada's #1 Wholesale & B2B Marketplace,b2bmarket.ca,info@b2bmarket.ca,(555) 000-0000
Canada B2B Marketplace | Canadian B2B Companies ... - TradeWheel,tradewheel.com,info@tradewheel.com,1576839597
Top 25 Soil suppliers in Canada - Yoys B2B Marketplace,yoys.ca,Website Form,1788689988
Store Locator | GreenPlanet Wholesale Canada,greenplanetwholesale.ca,Website Form,9240448314
